{"cameraMode":{"drawMode":0,"name":"Shaded","section":"Shading Mode"},"sceneLighting":false,"audioPlay":false,"sceneViewState":{"showFog":true,"showMaterialUpdate":false,"showSkybox":false,"showFlares":true,"showImageEffects":true,"showParticleSystems":true},"in2DMode":false,"pivot":{"x":0.8921449184417725,"y":-11.174250602722168,"z":-2.142878532409668},"rotation":{"x":-0.10978414118289948,"y":-0.8378017544746399,"z":0.5025590658187866,"w":-0.18302728235721589},"size":10.167701721191407,"orthographic":false}