{"cameraMode":{"drawMode":0,"name":"Shaded","section":"Shading Mode"},"sceneLighting":false,"audioPlay":false,"sceneViewState":{"showFog":true,"showMaterialUpdate":false,"showSkybox":false,"showFlares":true,"showImageEffects":true,"showParticleSystems":true},"in2DMode":false,"pivot":{"x":-0.27729129791259768,"y":0.1036686971783638,"z":0.5026617050170898},"rotation":{"x":-0.0104188472032547,"y":-0.26933950185775759,"z":0.002890877891331911,"w":-0.9630056619644165},"size":0.3000172972679138,"orthographic":false}