{"cameraMode":{"drawMode":0,"name":"Shaded","section":"Shading Mode"},"sceneLighting":true,"audioPlay":false,"sceneViewState":{"showFog":true,"showMaterialUpdate":false,"showSkybox":true,"showFlares":true,"showImageEffects":true,"showParticleSystems":true},"in2DMode":false,"pivot":{"x":-0.34595948457717898,"y":0.18240678310394288,"z":0.25728777050971987},"rotation":{"x":-0.25671258568763735,"y":-0.741755485534668,"z":0.409383088350296,"w":-0.46512243151664736},"size":0.9247447848320007,"orthographic":false}