{"cameraMode":{"drawMode":0,"name":"Shaded","section":"Shading Mode"},"sceneLighting":true,"audioPlay":false,"sceneViewState":{"showFog":true,"showMaterialUpdate":false,"showSkybox":false,"showFlares":true,"showImageEffects":true,"showParticleSystems":true},"in2DMode":false,"pivot":{"x":0.12370116263628006,"y":-3.6608645915985109,"z":-11.498098373413086},"rotation":{"x":-0.05699292570352554,"y":-0.9414894580841065,"z":0.20540843904018403,"w":-0.2611478269100189},"size":18.186532974243165,"orthographic":false}