{"cameraMode":{"drawMode":0,"name":"Shaded","section":"Shading Mode"},"sceneLighting":false,"audioPlay":false,"sceneViewState":{"showFog":true,"showMaterialUpdate":false,"showSkybox":false,"showFlares":true,"showImageEffects":true,"showParticleSystems":true},"in2DMode":false,"pivot":{"x":2.568892240524292,"y":2.367429494857788,"z":-0.4718061089515686},"rotation":{"x":-0.005307498853653669,"y":0.9944824576377869,"z":-0.06304609030485153,"w":-0.08374763280153275},"size":0.19202570617198945,"orthographic":false}